rank,file,t_sec,score,U,A,D,n_boxes,n_ambiguous,empty,selected
1,frame_0121.jpg,48.4,0.6296,0.7672,0.5,0.48,16,5,False,True
2,frame_0188.jpg,75.2,0.6254,0.8748,0.6,0.04,15,6,False,True
3,frame_0325.jpg,130.0,0.6217,0.6273,1.0,0.04,15,10,False,True
4,frame_0388.jpg,155.2,0.6134,0.8508,0.6,0.04,16,6,False,True
5,frame_0384.jpg,153.6,0.6089,0.8099,0.6,0.12,21,6,False,False
6,frame_0393.jpg,157.2,0.5927,0.7495,0.7,0.04,17,7,False,True
7,frame_0316.jpg,126.4,0.5897,0.7113,0.7,0.12,14,7,False,True
8,frame_0115.jpg,46.0,0.5886,0.7492,0.5,0.32,14,5,False,True
9,frame_0210.jpg,84.0,0.5855,0.659,0.4,0.68,8,4,False,True
10,frame_0274.jpg,109.6,0.5776,0.7312,0.6,0.16,19,6,False,True
11,frame_0327.jpg,130.8,0.576,0.776,0.6,0.04,17,6,False,False
12,frame_0383.jpg,153.2,0.5714,0.7348,0.6,0.12,21,6,False,True
13,frame_0103.jpg,41.2,0.5682,0.7123,0.6,0.16,11,6,False,True
14,frame_0390.jpg,156.0,0.5608,0.7296,0.6,0.08,21,6,False,False
15,frame_0273.jpg,109.2,0.5594,0.6508,0.7,0.12,22,7,False,False
16,frame_0271.jpg,108.4,0.5562,0.6164,0.8,0.04,23,8,False,False
17,frame_0021.jpg,8.4,0.5532,0.7824,0.3,0.36,12,3,False,True
18,frame_0170.jpg,68.0,0.5529,0.7338,0.3,0.48,14,3,False,False
19,frame_0120.jpg,48.0,0.5512,0.5943,0.5,0.52,15,5,False,False
20,frame_0174.jpg,69.6,0.5438,0.7196,0.4,0.32,13,4,False,False
21,frame_0167.jpg,66.8,0.542,0.604,0.4,0.6,18,4,False,False
22,frame_0177.jpg,70.8,0.5382,0.6964,0.5,0.2,15,5,False,False
23,frame_0299.jpg,119.6,0.532,0.636,0.5,0.32,17,5,False,False
24,frame_0391.jpg,156.4,0.5316,0.6273,0.7,0.04,15,7,False,False
25,frame_0275.jpg,110.0,0.5301,0.6201,0.6,0.2,19,6,False,False
26,frame_0082.jpg,32.8,0.5292,0.6024,0.6,0.24,17,6,False,False
27,frame_0205.jpg,82.0,0.5288,0.5895,0.3,0.72,9,3,False,False
28,frame_0333.jpg,133.2,0.5286,0.7851,0.4,0.08,18,4,False,False
29,frame_0397.jpg,158.8,0.5272,0.7345,0.4,0.2,14,4,False,False
30,frame_0268.jpg,107.2,0.5257,0.7193,0.5,0.08,16,5,False,False
31,frame_0269.jpg,107.6,0.525,0.734,0.5,0.04,15,5,False,False
32,frame_0379.jpg,151.6,0.5241,0.8521,0.3,0.04,18,3,False,False
33,frame_0223.jpg,89.2,0.5232,0.7424,0.4,0.16,18,4,False,False
34,frame_0111.jpg,44.4,0.5231,0.6822,0.5,0.16,14,5,False,False
35,frame_0104.jpg,41.6,0.5216,0.6952,0.5,0.12,15,5,False,False
36,frame_0116.jpg,46.4,0.5213,0.7186,0.3,0.36,20,3,False,False
37,frame_0324.jpg,129.6,0.521,0.59,0.7,0.08,16,7,False,False
38,frame_0226.jpg,90.4,0.5187,0.7814,0.4,0.04,16,4,False,False
39,frame_0106.jpg,42.4,0.518,0.78,0.4,0.04,16,4,False,False
40,frame_0394.jpg,157.6,0.5132,0.8145,0.3,0.08,15,3,False,False
41,frame_0322.jpg,128.8,0.513,0.6179,0.6,0.12,13,6,False,False
42,frame_0083.jpg,33.2,0.5106,0.6092,0.5,0.28,12,5,False,False
43,frame_0017.jpg,6.8,0.5105,0.649,0.3,0.48,12,3,False,False
44,frame_0228.jpg,91.2,0.5098,0.6436,0.6,0.04,14,6,False,False
45,frame_0233.jpg,93.2,0.5085,0.6209,0.5,0.24,21,5,False,False
46,frame_0232.jpg,92.8,0.505,0.7501,0.3,0.2,17,3,False,False
47,frame_0306.jpg,122.4,0.5026,0.8091,0.3,0.04,19,3,False,False
48,frame_0218.jpg,87.2,0.5009,0.6177,0.4,0.36,13,4,False,False
49,frame_0003.jpg,1.2,0.4998,0.7275,0.4,0.08,10,4,False,False
50,frame_0229.jpg,91.6,0.498,0.664,0.5,0.08,16,5,False,False
51,frame_0267.jpg,106.8,0.498,0.648,0.5,0.12,14,5,False,False
52,frame_0031.jpg,12.4,0.4936,0.6112,0.6,0.04,12,6,False,False
53,frame_0100.jpg,40.0,0.4925,0.6091,0.6,0.04,14,6,False,False
54,frame_0272.jpg,108.8,0.4917,0.5314,0.7,0.08,22,7,False,False
55,frame_0101.jpg,40.4,0.4912,0.6504,0.5,0.08,14,5,False,False
56,frame_0079.jpg,31.6,0.4906,0.6932,0.4,0.12,17,4,False,False
57,frame_0122.jpg,48.8,0.4899,0.6238,0.3,0.44,15,3,False,False
58,frame_0382.jpg,152.8,0.4894,0.5868,0.6,0.08,18,6,False,False
59,frame_0284.jpg,113.6,0.4862,0.5604,0.5,0.28,9,5,False,False
60,frame_0315.jpg,126.0,0.4859,0.6839,0.4,0.12,17,4,False,False
61,frame_0230.jpg,92.0,0.4846,0.6812,0.4,0.12,19,4,False,False
62,frame_0300.jpg,120.0,0.4834,0.6748,0.3,0.28,12,3,False,False
63,frame_0102.jpg,40.8,0.4798,0.4916,0.7,0.12,14,7,False,False
64,frame_0169.jpg,67.6,0.4763,0.5046,0.4,0.52,15,4,False,False
65,frame_0108.jpg,43.2,0.4741,0.5721,0.6,0.04,16,6,False,False
66,frame_0372.jpg,148.8,0.4723,0.6566,0.4,0.12,18,4,False,False
67,frame_0203.jpg,81.2,0.4705,0.565,0.2,0.64,11,2,False,False
68,frame_0022.jpg,8.8,0.4681,0.5082,0.5,0.32,12,5,False,False
69,frame_0329.jpg,131.6,0.4679,0.6038,0.5,0.08,19,5,False,False
70,frame_0281.jpg,112.4,0.4662,0.5324,0.4,0.4,11,4,False,False
71,frame_0119.jpg,47.6,0.4644,0.4968,0.4,0.48,16,4,False,False
72,frame_0212.jpg,84.8,0.462,0.564,0.2,0.6,13,2,False,False
73,frame_0214.jpg,85.6,0.462,0.5361,0.3,0.52,11,3,False,False
74,frame_0126.jpg,50.4,0.4606,0.5692,0.4,0.28,12,4,False,False
75,frame_0184.jpg,73.6,0.4602,0.6484,0.4,0.08,12,4,False,False
76,frame_0087.jpg,34.8,0.4601,0.5041,0.4,0.44,11,4,False,False
77,frame_0302.jpg,120.8,0.4574,0.6548,0.3,0.2,13,3,False,False
78,frame_0204.jpg,81.6,0.4561,0.5202,0.2,0.68,10,2,False,False
79,frame_0320.jpg,128.0,0.4547,0.7134,0.3,0.04,14,3,False,False
80,frame_0118.jpg,47.2,0.4534,0.4908,0.4,0.44,16,4,False,False
81,frame_0215.jpg,86.0,0.4527,0.5334,0.3,0.48,14,3,False,False
82,frame_0231.jpg,92.4,0.4518,0.5997,0.4,0.16,14,4,False,False
83,frame_0303.jpg,121.2,0.4516,0.6592,0.3,0.16,13,3,False,False
84,frame_0396.jpg,158.4,0.4489,0.5938,0.4,0.16,13,4,False,False
85,frame_0178.jpg,71.2,0.4454,0.5268,0.5,0.16,16,5,False,False
86,frame_0194.jpg,77.6,0.4449,0.5978,0.3,0.28,7,3,False,False
87,frame_0181.jpg,72.4,0.4443,0.6925,0.3,0.04,16,3,False,False
88,frame_0018.jpg,7.2,0.4436,0.5753,0.2,0.48,12,2,False,False
89,frame_0202.jpg,80.8,0.4432,0.5864,0.1,0.6,11,1,False,False
90,frame_0207.jpg,82.8,0.4414,0.3827,0.3,0.8,12,3,False,False
91,frame_0127.jpg,50.8,0.4411,0.6062,0.3,0.24,12,3,False,False
92,frame_0193.jpg,77.2,0.441,0.6659,0.2,0.24,8,2,False,False
93,frame_0330.jpg,132.0,0.4402,0.5644,0.5,0.04,24,5,False,False
94,frame_0314.jpg,125.6,0.438,0.544,0.5,0.08,17,5,False,False
95,frame_0311.jpg,124.4,0.437,0.678,0.3,0.04,21,3,False,False
96,frame_0129.jpg,51.6,0.435,0.506,0.5,0.16,14,5,False,False
97,frame_0374.jpg,149.6,0.4347,0.6254,0.3,0.16,19,3,False,False
98,frame_0277.jpg,110.8,0.4338,0.6356,0.2,0.28,12,2,False,False
99,frame_0089.jpg,35.6,0.4285,0.5771,0.2,0.4,9,2,False,False
100,frame_0080.jpg,32.0,0.4281,0.5522,0.4,0.16,14,4,False,False
101,frame_0125.jpg,50.0,0.4276,0.5472,0.3,0.32,15,3,False,False
102,frame_0389.jpg,155.6,0.426,0.58,0.4,0.08,17,4,False,False
103,frame_0002.jpg,0.8,0.4219,0.5719,0.4,0.08,12,4,False,False
104,frame_0280.jpg,112.0,0.4211,0.5022,0.3,0.4,13,3,False,False
105,frame_0276.jpg,110.4,0.4209,0.6257,0.2,0.24,17,2,False,False
106,frame_0109.jpg,43.6,0.4186,0.5052,0.5,0.08,17,5,False,False
107,frame_0070.jpg,28.0,0.4177,0.5473,0.4,0.12,14,4,False,False
108,frame_0323.jpg,129.2,0.4155,0.4231,0.6,0.12,14,6,False,False
109,frame_0171.jpg,68.4,0.4153,0.4745,0.3,0.44,12,3,False,False
110,frame_0318.jpg,127.2,0.4144,0.5728,0.4,0.04,16,4,False,False
111,frame_0386.jpg,154.4,0.4144,0.5729,0.4,0.04,15,4,False,False
112,frame_0395.jpg,158.0,0.4142,0.6003,0.3,0.12,12,3,False,False
113,frame_0068.jpg,27.2,0.4138,0.4516,0.6,0.04,13,6,False,False
114,frame_0020.jpg,8.0,0.413,0.606,0.1,0.4,10,1,False,False
115,frame_0201.jpg,80.4,0.4116,0.4792,0.2,0.56,8,2,False,False
116,frame_0286.jpg,114.4,0.4095,0.559,0.3,0.2,11,3,False,False
117,frame_0168.jpg,67.2,0.4068,0.4696,0.2,0.56,12,2,False,False
118,frame_0209.jpg,83.6,0.4062,0.4044,0.2,0.72,11,2,False,False
119,frame_0095.jpg,38.0,0.4042,0.5643,0.3,0.16,15,3,False,False
120,frame_0012.jpg,4.8,0.4028,0.5736,0.2,0.28,7,2,False,False
121,frame_0117.jpg,46.8,0.4023,0.4646,0.3,0.4,18,3,False,False
122,frame_0179.jpg,71.6,0.402,0.516,0.4,0.12,16,4,False,False
123,frame_0014.jpg,5.6,0.4016,0.4792,0.3,0.36,7,3,False,False
124,frame_0185.jpg,74.0,0.3977,0.5234,0.4,0.08,16,4,False,False
125,frame_0321.jpg,128.4,0.3976,0.5832,0.3,0.08,14,3,False,False
126,frame_0221.jpg,88.4,0.3974,0.4588,0.4,0.24,18,4,False,False
127,frame_0098.jpg,39.2,0.3967,0.6574,0.2,0.04,16,2,False,False
128,frame_0004.jpg,1.6,0.3922,0.5884,0.3,0.04,15,3,False,False
129,frame_0110.jpg,44.0,0.3911,0.4942,0.4,0.12,14,4,False,False
130,frame_0381.jpg,152.4,0.3871,0.6981,0.1,0.04,18,1,False,False
131,frame_0206.jpg,82.4,0.3843,0.3446,0.2,0.76,13,2,False,False
132,frame_0298.jpg,119.2,0.3829,0.5338,0.2,0.28,9,2,False,False
133,frame_0028.jpg,11.2,0.3828,0.5536,0.3,0.08,11,3,False,False
134,frame_0090.jpg,36.0,0.3824,0.4408,0.3,0.36,14,3,False,False
135,frame_0308.jpg,123.2,0.3818,0.6276,0.2,0.04,13,2,False,False
136,frame_0081.jpg,32.4,0.3785,0.437,0.4,0.2,12,4,False,False
137,frame_0176.jpg,70.4,0.3746,0.4732,0.3,0.24,15,3,False,False
138,frame_0200.jpg,80.0,0.3728,0.3575,0.3,0.52,8,3,False,False
139,frame_0033.jpg,13.2,0.3721,0.5163,0.3,0.12,16,3,False,False
140,frame_0123.jpg,49.2,0.3695,0.4589,0.2,0.4,14,2,False,False
141,frame_0220.jpg,88.0,0.3659,0.4399,0.3,0.28,13,3,False,False
142,frame_0288.jpg,115.2,0.3647,0.5614,0.2,0.12,12,2,False,False
143,frame_0071.jpg,28.4,0.3639,0.5437,0.2,0.16,14,2,False,False
144,frame_0130.jpg,52.0,0.3629,0.5578,0.2,0.12,13,2,False,False
145,frame_0128.jpg,51.2,0.3607,0.4013,0.4,0.2,15,4,False,False
146,frame_0282.jpg,112.8,0.3586,0.3933,0.3,0.36,9,3,False,False
147,frame_0208.jpg,83.2,0.3584,0.2927,0.2,0.76,11,2,False,False
148,frame_0001.jpg,0.4,0.3576,0.5192,0.3,0.04,16,3,False,False
149,frame_0085.jpg,34.0,0.3574,0.4508,0.2,0.36,12,2,False,False
150,frame_0328.jpg,131.2,0.3569,0.5019,0.3,0.08,21,3,False,False
151,frame_0224.jpg,89.6,0.3565,0.485,0.3,0.12,12,3,False,False
152,frame_0295.jpg,118.0,0.3537,0.5834,0.1,0.16,9,1,False,False
153,frame_0088.jpg,35.2,0.3536,0.3512,0.3,0.44,14,3,False,False
154,frame_0015.jpg,6.0,0.3523,0.4846,0.1,0.4,9,1,False,False
155,frame_0368.jpg,147.2,0.3523,0.5686,0.2,0.04,21,2,False,False
156,frame_0075.jpg,30.0,0.3518,0.5676,0.2,0.04,10,2,False,False
157,frame_0287.jpg,114.8,0.3514,0.5187,0.2,0.16,10,2,False,False
158,frame_0183.jpg,73.2,0.3496,0.5631,0.2,0.04,13,2,False,False
159,frame_0310.jpg,124.0,0.3491,0.5462,0.2,0.08,21,2,False,False
160,frame_0211.jpg,84.4,0.3488,0.3815,0.1,0.64,11,1,False,False
161,frame_0217.jpg,86.8,0.3475,0.355,0.3,0.4,10,3,False,False
162,frame_0304.jpg,121.6,0.3466,0.5252,0.2,0.12,13,2,False,False
163,frame_0377.jpg,150.8,0.3458,0.4955,0.3,0.04,14,3,False,False
164,frame_0105.jpg,42.0,0.3441,0.4161,0.4,0.08,12,4,False,False
165,frame_0132.jpg,52.8,0.3425,0.609,0.1,0.04,13,1,False,False
166,frame_0219.jpg,87.6,0.3422,0.3763,0.3,0.32,11,3,False,False
167,frame_0084.jpg,33.6,0.3413,0.4347,0.2,0.32,13,2,False,False
168,frame_0019.jpg,7.6,0.3396,0.3831,0.2,0.44,9,2,False,False
169,frame_0297.jpg,118.8,0.3392,0.4623,0.2,0.24,11,2,False,False
170,frame_0195.jpg,78.0,0.3386,0.4892,0.1,0.32,8,1,False,False
171,frame_0279.jpg,111.6,0.337,0.41,0.2,0.36,10,2,False,False
172,frame_0016.jpg,6.4,0.3368,0.3776,0.2,0.44,8,2,False,False
173,frame_0114.jpg,45.6,0.3365,0.5011,0.1,0.28,13,1,False,False
174,frame_0097.jpg,38.8,0.3359,0.5198,0.2,0.08,14,2,False,False
175,frame_0385.jpg,154.0,0.3347,0.4574,0.3,0.08,16,3,False,False
176,frame_0373.jpg,149.2,0.3337,0.4233,0.3,0.16,14,3,False,False
177,frame_0375.jpg,150.0,0.3327,0.5573,0.1,0.12,14,1,False,False
178,frame_0096.jpg,38.4,0.3322,0.5563,0.1,0.12,15,1,False,False
179,frame_0289.jpg,115.6,0.3302,0.5085,0.2,0.08,8,2,False,False
180,frame_0013.jpg,5.2,0.33,0.4119,0.2,0.32,9,2,False,False
181,frame_0023.jpg,9.2,0.3284,0.3649,0.3,0.28,11,3,False,False
182,frame_0213.jpg,85.2,0.327,0.31,0.2,0.56,12,2,False,False
183,frame_0296.jpg,118.4,0.327,0.514,0.1,0.2,10,1,False,False
184,frame_0292.jpg,116.8,0.3259,0.5759,0.1,0.04,11,1,False,False
185,frame_0032.jpg,12.8,0.324,0.496,0.2,0.08,16,2,False,False
186,frame_0309.jpg,123.6,0.3233,0.4346,0.3,0.08,20,3,False,False
187,frame_0173.jpg,69.2,0.3221,0.3802,0.2,0.36,11,2,False,False
188,frame_0376.jpg,150.4,0.3189,0.5458,0.1,0.08,10,1,False,False
189,frame_0186.jpg,74.4,0.3165,0.3769,0.4,0.04,13,4,False,False
190,frame_0317.jpg,126.8,0.3145,0.5371,0.1,0.08,11,1,False,False
191,frame_0225.jpg,90.0,0.3144,0.4767,0.2,0.08,17,2,False,False
192,frame_0093.jpg,37.2,0.3126,0.4092,0.2,0.24,13,2,False,False
193,frame_0026.jpg,10.4,0.3105,0.4369,0.2,0.16,10,2,False,False
194,frame_0007.jpg,2.8,0.3053,0.4586,0.2,0.08,9,2,False,False
195,frame_0189.jpg,75.6,0.3007,0.5094,0.1,0.08,13,1,False,False
196,frame_0113.jpg,45.2,0.2997,0.4433,0.1,0.24,13,1,False,False
197,frame_0073.jpg,29.2,0.2995,0.3711,0.3,0.12,12,3,False,False
198,frame_0332.jpg,132.8,0.2981,0.4601,0.2,0.04,13,2,False,False
199,frame_0172.jpg,68.8,0.2969,0.4337,0.0,0.4,12,0,False,False
200,frame_0283.jpg,113.2,0.2949,0.3418,0.2,0.32,11,2,False,False
201,frame_0216.jpg,86.4,0.2939,0.2918,0.2,0.44,10,2,False,False
202,frame_0196.jpg,78.4,0.2936,0.3233,0.2,0.36,9,2,False,False
203,frame_0222.jpg,88.8,0.2919,0.3838,0.2,0.2,17,2,False,False
204,frame_0190.jpg,76.0,0.2893,0.4706,0.1,0.12,10,1,False,False
205,frame_0069.jpg,27.6,0.288,0.424,0.2,0.08,15,2,False,False
206,frame_0285.jpg,114.0,0.2877,0.3594,0.2,0.24,8,2,False,False
207,frame_0086.jpg,34.4,0.2864,0.2928,0.2,0.4,11,2,False,False
208,frame_0278.jpg,111.2,0.2862,0.4444,0.0,0.32,14,0,False,False
209,frame_0293.jpg,117.2,0.2839,0.4158,0.2,0.08,12,2,False,False
210,frame_0078.jpg,31.2,0.2784,0.4048,0.2,0.08,14,2,False,False
211,frame_0025.jpg,10.0,0.2741,0.3482,0.2,0.2,11,2,False,False
212,frame_0399.jpg,159.6,0.2683,0.3646,0.1,0.28,17,1,False,False
213,frame_0180.jpg,72.0,0.268,0.444,0.1,0.08,17,1,False,False
214,frame_0077.jpg,30.8,0.2636,0.4512,0.1,0.04,12,1,False,False
215,frame_0370.jpg,148.0,0.2623,0.3886,0.2,0.04,17,2,False,False
216,frame_0009.jpg,3.6,0.2621,0.4003,0.1,0.16,6,1,False,False
217,frame_0191.jpg,76.4,0.2557,0.4474,0.0,0.16,12,0,False,False
218,frame_0301.jpg,120.4,0.2512,0.3464,0.1,0.24,14,1,False,False
219,frame_0398.jpg,159.2,0.2509,0.3458,0.1,0.24,14,1,False,False
220,frame_0124.jpg,49.6,0.2497,0.2955,0.1,0.36,15,1,False,False
221,frame_0091.jpg,36.4,0.249,0.37,0.0,0.32,9,0,False,False
222,frame_0092.jpg,36.8,0.2475,0.3229,0.1,0.28,15,1,False,False
223,frame_0094.jpg,37.6,0.2466,0.2931,0.2,0.2,9,2,False,False
224,frame_0197.jpg,78.8,0.2463,0.2726,0.1,0.4,6,1,False,False
225,frame_0192.jpg,76.8,0.2416,0.3431,0.1,0.2,11,1,False,False
226,frame_0024.jpg,9.6,0.2357,0.3153,0.1,0.24,7,1,False,False
227,frame_0027.jpg,10.8,0.2339,0.3598,0.1,0.12,12,1,False,False
228,frame_0131.jpg,52.4,0.2322,0.3723,0.1,0.08,12,1,False,False
229,frame_0029.jpg,11.6,0.2318,0.3275,0.2,0.04,12,2,False,False
230,frame_0305.jpg,122.0,0.2283,0.3046,0.2,0.08,12,2,False,False
231,frame_0175.jpg,70.0,0.2247,0.2774,0.1,0.28,14,1,False,False
232,frame_0294.jpg,117.6,0.2247,0.2814,0.2,0.12,9,2,False,False
233,frame_0313.jpg,125.2,0.2223,0.3085,0.2,0.04,15,2,False,False
234,frame_0006.jpg,2.4,0.2154,0.3548,0.1,0.04,6,1,False,False
235,frame_0011.jpg,4.4,0.2154,0.2748,0.1,0.24,7,1,False,False
236,frame_0112.jpg,44.8,0.2131,0.2861,0.1,0.2,12,1,False,False
237,frame_0371.jpg,148.4,0.2105,0.3289,0.1,0.08,16,1,False,False
238,frame_0074.jpg,29.6,0.21,0.388,0.0,0.08,10,0,False,False
239,frame_0072.jpg,28.8,0.2038,0.3435,0.0,0.16,13,0,False,False
240,frame_0290.jpg,116.0,0.203,0.33,0.1,0.04,11,1,False,False
241,frame_0199.jpg,79.6,0.193,0.194,0.0,0.48,5,0,False,False
242,frame_0198.jpg,79.2,0.1911,0.2062,0.0,0.44,8,0,False,False
243,frame_0010.jpg,4.0,0.1719,0.2037,0.1,0.2,6,1,False,False
244,frame_0008.jpg,3.2,0.1716,0.2351,0.1,0.12,7,1,False,False
